preprocessed_tweet_text_no_link	q1_label
definition of affirms is establish or strengthen as with new evidence or facts	1
definition of additions is a component that is added to something to improve it	1
definition of bungled is make a mess of, destroy or ruin	1
definition of splendor is a quality that outshines the usual	1
definition of tablets is a slab of stone or wood suitable for bearing an inscription	1
definition of hail is precipitation of ice pellets when there are strong rising air currents	1
definition of nationalism is love of country and willingness to sacrifice for it	1
definition of ft is a linear unit of length equal to 12 inches or a third of a yard	1
definition of deem is keep in mind or convey as a conviction or view	1
definition of appreciates is recognize with gratitude; be grateful for	1
definition of reservation is a district that is reserved for particular purpose	1
definition of stored is keep or lay aside for future use	1
definition of exhibited is show an attribute, property, knowledge, or skill	1
definition of immortality is the quality or state of being immortal	1
definition of hair is a covering for the body (or parts of it) consisting of a dense growth of threadlike structures (as on the human head); helps to prevent heat loss	1
definition of grievous is causing fear or anxiety by threatening great harm	1
definition of completeness is the state of being complete and entire; having everything that is needed	1
definition of abidjan is city recognized by the United States as the capital of the Ivory Coast; largest city of the Ivory Coast	1
definition of flying is an instance of traveling by air	1
definition of principal is the original amount of a debt on which interest is calculated	1
definition of soreness is a pain that is felt (as when the area is touched)	1
definition of ink is a liquid used for printing or writing or drawing	1
definition of philadelphia is the largest city in Pennsylvania; located in the southeastern part of the state on the Delaware river; site of Independence Hall where the Declaration of Independence and the Constitution were signed; site of the University of Pennsylvania	1
definition of circulars is an advertisement (usually printed on a page or in a leaflet) intended for wide distribution	1
definition of brawling is to quarrel noisily, angrily or disruptively	1
definition of immunizes is law: grant immunity from prosecution	1
definition of locking is the act of locking something up to protect it	1
definition of secondly is in the second place	1
definition of anti is a person who is opposed (to an action or policy or practice etc.)	1
definition of belongings is something owned; any tangible or intangible possession that is owned by someone	1
definition of recreational is of or relating to recreation	1
definition of lasting is persist for a specified period of time	1
definition of cops is uncomplimentary terms for a policeman	1
definition of presenting is give an exhibition of to an interested audience	1
definition of engage is carry out or participate in an activity; be involved in	1
definition of accomplished is put in effect	1
definition of woke is be awake, be alert, be there	1
definition of propagated is transmit from one generation to the next	1
definition of iota is a tiny or scarcely detectable amount	1
definition of petting is affectionate play (or foreplay without contact with the genital organs)	1
definition of overwhelmed is overcome, as with emotions or perceptual stimuli	1
definition of burns is United States comedian and film actor (1896-1996)	1
definition of locate is discover the location of; determine the place of; find by searching or examining	1
definition of analyze is consider in detail and subject to an analysis in order to discover essential features or meaning	1
definition of cute is attractive especially by means of smallness or prettiness or quaintness	1
definition of 1970s is the decade from 1970 to 1979	1
definition of refrains is the part of a song where a soloist is joined by a group of singers	1
definition of seizures is a sudden occurrence (or recurrence) of a disease	1
definition of ky is a state in east central United States; a border state during the American Civil War; famous for breeding race horses	1
definition of fades is a golf shot that curves to the right for a right-handed golfer	1
definition of bills is a statute in draft before it becomes law	1
definition of renowned is widely known and esteemed	1
definition of booth is a table (in a restaurant or bar) surrounded by two high-backed benches	1
definition of companions is a friend who is frequently in the company of another	1
definition of greene is English novelist and Catholic (1904-1991)	1
definition of owning is have ownership or possession of	1
definition of appearing is formal attendance (in court or at a hearing) of a party in an action	1
definition of nv is a state in the southwestern United States	1
definition of clots is a lump of material formed from the content of a liquid	1
definition of arkansans is a native or resident of Arkansas	1
definition of scholarships is financial aid provided to a student on the basis of academic merit	1
definition of powder is a solid substance in the form of tiny loose particles; a solid that has been pulverized	1
definition of overlooked is look past, fail to notice	1
definition of liberia is a republic in West Africa; established in 1822 by Americans as a way to free negro slaves	1
definition of crabs is infestation of the pubic hair by crab lice	1
definition of manners is social deportment	1
definition of mo is an indefinitely short time	1
definition of successively is in proper order or sequence	1
definition of pickle is vegetables (especially cucumbers) preserved in brine or vinegar	1
definition of censor is someone who censures or condemns	1
definition of blowing is processing that involves blowing a gas	1
definition of pods is the vessel that contains the seeds of a plant (not the seeds themselves)	1
definition of centennial is the 100th anniversary (or the celebration of it)	1
definition of inauguration is the act of starting a new operation or practice	1
definition of blacks is the quality or state of the achromatic color of least lightness (bearing the least resemblance to white)	1
definition of swiftly is in a swift manner	1
definition of cjd is rare (usually fatal) brain disease (usually in middle age) caused by an unidentified slow virus; characterized by progressive dementia and gradual loss of muscle control	1
definition of clears is the state of being free of suspicion	1
definition of fellows is a boy or man	1
definition of organizer is a person who brings order and organization to an enterprise	1
definition of executing is putting a condemned person to death	1
definition of associations is a formal organization of people or groups of people	1
definition of whooping is shout, as if with joy or enthusiasm	1
definition of icus is a hospital unit staffed and equipped to provide intensive care	1
definition of cortisone is a corticosteroid hormone (trade name Cortone Acetate) normally produced by the adrenal cortex; is converted to hydrocortisone	1
definition of erections is an erect penis	1
definition of derivatives is the result of mathematical differentiation; the instantaneous change of one quantity relative to another; df(x)/dx	1
definition of dazzle is brightness enough to blind partially and temporarily	1
definition of commonwealth is the official name of some states in the United States (Massachusetts and Pennsylvania and Virginia and Kentucky) and associated territories (Puerto Rico)	1
definition of biased is influence in an unfair way	1
definition of sue is French writer whose novels described the sordid side of city life (1804-1857)	1
definition of departures is the act of departing	1
definition of sisters is a female person who has the same parents as another person	1
definition of pervasive is spreading or spread throughout	1
definition of mistresses is an adulterous woman; a woman who has an ongoing extramarital sexual relationship with a man	1
definition of manufactures is the organized action of making of goods and services for sale	1
definition of filtered is remove by passing through a filter	1
definition of grandchildren is a child of your son or daughter	1
definition of explode is cause to burst with a violent release of energy	1
definition of convincing is make (someone) agree, understand, or realize the truth or validity of something	1
definition of rushed is move fast	1
definition of consideration is the process of giving careful thought to something	1
definition of drove is a group of animals (a herd or flock) moving together	1
definition of unchallenged is generally agreed upon; not subject to dispute	1
definition of interviewed is conduct an interview in television, newspaper, and radio reporting	1
definition of incomes is the financial gain (earned or unearned) accruing over a given period of time	1
definition of nasal is a consonant produced through the nose with the mouth closed	1
definition of prophecy is knowledge of the future (usually said to be obtained from a divine source)	1
definition of watches is a small portable timepiece	1
definition of norman is United States operatic soprano (born in 1945)	1
definition of concentrated is make denser, stronger, or purer	1
definition of musa is type genus of the Musaceae: bananas	1
definition of resurgence is bringing again into activity and prominence	1
definition of wives is a married woman; a man's partner in marriage	1
definition of relevance is the relation of something to the matter at hand	1
definition of bolivias is a landlocked republic in central South America; Simon Bolivar founded Bolivia in 1825 after winning independence from Spain	1
definition of entrench is fix firmly or securely	1
definition of salting is the act of adding salt to food	1
definition of recourse is act of turning to for assistance	1
definition of carcinogenic is causing or tending to cause cancer	1
definition of practically is almost; nearly	1
definition of trivial is (informal) small and of little importance	1
definition of withheld is hold back; refuse to hand over or share	1
definition of butter is an edible emulsion of fat globules made by churning milk or cream; for cooking and table use	1
definition of rooted is take root and begin to grow	1
definition of 73 is being three more than seventy	1
definition of forgery is a copy that is represented as the original	1
definition of rewards is a recompense for worthy acts or retribution for wrongdoing	1
definition of faltering is the act of pausing uncertainly	1
definition of favoritism is an inclination to favor some person or group	1
definition of jazz is empty rhetoric or insincere or exaggerated talk	1
definition of cooperative is a jointly owned commercial enterprise (usually organized by farmers or consumers) that produces and distributes goods and services and is run for the benefit of its owners	1
definition of onion is the bulb of an onion plant	1
definition of marshall is United States actor (1914-1998)	1
definition of interdependencies is a reciprocal relation between interdependent entities (objects or individuals or groups)	1
definition of leipzig is a city in southeastern Germany famous for fairs; formerly a music and publishing center	1
definition of envoy is a diplomat having less authority than an ambassador	1
definition of expire is lose validity	1
definition of tasks is any piece of work that is undertaken or attempted	1
definition of posed is introduce	1
definition of jrs is a son who has the same first name as his father	1
definition of themes is the subject matter of a conversation or discussion	1
definition of md is a radioactive transuranic element synthesized by bombarding einsteinium with alpha particles (Md is the current symbol for mendelevium but Mv was formerly the symbol)	1
definition of administers is work in an administrative capacity; supervise or be in charge of	1
definition of celebration is a joyful occasion for special festivities to mark some happy event	1
definition of canary is someone acting as an informer or decoy for the police	1
definition of expired is lose validity	1
definition of nonfatal is not bringing death	1
definition of expatriates is a person who is voluntarily absent from home or country	1
definition of kings is a male sovereign; ruler of a kingdom	1
definition of va is a state in the eastern United States; one of the original 13 colonies; one of the Confederate States in the American Civil War	1
definition of relentless is not to be placated or appeased or moved by entreaty	1
definition of lifelines is a crease on the palm; its length is said by palmists to indicate how long you will live	1
definition of artist is a person whose creative work shows sensitivity and imagination	1
definition of collapsed is break down, literally or metaphorically	1
definition of insist is be emphatic or resolute and refuse to budge	1
definition of caricatures is a representation of a person that is exaggerated for comic effect	1
definition of tabuk is a city in northwestern Saudi Arabia	1
definition of abdicated is give up, such as power, as of monarchs and emperors, or duties and obligations	1
definition of auditors is someone who listens attentively	1
definition of judiciary is persons who administer justice	1
definition of tsunami is a cataclysm resulting from a destructive sea wave caused by an earthquake or volcanic eruption	1
definition of cyclists is a person who rides a bicycle	1
definition of sunset is the time in the evening at which the sun begins to fall below the horizon	1
definition of marylanders is a native or resident of Maryland	1
definition of anemia is a deficiency of red blood cells	1
definition of communicators is a person who communicates with others	1
definition of smarter is showing mental alertness and calculation and resourcefulness	1
definition of seatbelt is a safety belt used in a car or plane to hold you in your seat in case of an accident	1
definition of immunogenic is possessing the ability to elicit an immune response	1
definition of ghanaian is of or relating to or characteristic of Ghana or its people or language	1
definition of generalize is draw from specific cases for more general cases	1
definition of kitchen is a room equipped for preparing meals	1
definition of expo is a collection of things (goods or works of art etc.) for public display	1
definition of implants is a prosthesis placed permanently in tissue	1
definition of rounds is a charge of ammunition for a single shot	1
definition of purified is remove impurities from, increase the concentration of, and separate through the process of distillation	1
definition of paste is any mixture of a soft and malleable consistency	1
definition of welcoming is accept gladly	1
definition of mounting is an event that involves rising to a higher point (as in altitude or temperature or intensity etc.)	1
definition of coagulation is the process of forming semisolid lumps in a liquid	1
definition of avocados is a pear-shaped tropical fruit with green or blackish skin and rich yellowish pulp enclosing a single large seed	1
definition of aforementioned is being the one previously mentioned or spoken of	1
definition of nd is a yellow trivalent metallic element of the rare earth group; occurs in monazite and bastnasite in association with cerium and lanthanum and praseodymium	1
definition of feats is a notable achievement	1
definition of martyrdom is death that is imposed because of the person's adherence of a religious faith or cause	1
definition of mixed is mix together different elements	1
definition of hall is an interior passage or corridor onto which rooms open	1
definition of licenses is a legal document giving official permission to do something	1
definition of canceling is postpone indefinitely or annul something that was scheduled	1
definition of decade is a period of 10 years	1
definition of deliberate is think about carefully; weigh	1
definition of coma is a state of deep and often prolonged unconsciousness; usually the result of disease or injury	1
definition of ignored is refuse to acknowledge	1
definition of deteriorating is become worse or disintegrate	1
definition of huts is temporary military shelter	1
definition of scarcity is a small and inadequate amount	1
definition of deserted is leave someone who needs or counts on you; leave in the lurch	1
definition of basics is a statement of fundamental facts or principles	1
definition of experimenter is a research worker who conducts experiments	1
definition of inspect is look over carefully	1
definition of calendars is a system of timekeeping that defines the beginning and length and divisions of the year	1
definition of sweetest is having or denoting the characteristic taste of sugar	1
definition of macdowell is United States composer best remembered as a composer of works for the piano (1860-1908)	1
definition of vt is a state in New England	1
definition of defer is hold back to a later time	1
definition of connections is a relation between things or events (as in the case of one causing the other or sharing features with it)	1
definition of lupus is any of several forms of ulcerative skin disease	1
definition of lineages is the descendants of one individual	1
definition of hallucinations is illusory perception; a common symptom of severe mental disorder	1
definition of tall is a garment size for a tall person	1
definition of maricopa is a member of a North American Indian people of the Gila river valley in Arizona	1
definition of legendary is so celebrated as to having taken on the nature of a legend	1
definition of cirrhosis is a chronic disease interfering with the normal functioning of the liver; the major cause is chronic alcoholism	1
definition of suppository is a small plug of medication designed for insertion into the rectum or vagina where it melts	1
definition of validity is the quality of being valid and rigorous	1
definition of operates is direct or control; projects, businesses, etc.	1
definition of castle is a large and stately mansion	1
definition of transit is a surveying instrument for measuring horizontal and vertical angles, consisting of a small telescope mounted on a tripod	1
definition of gracious is characterized by charm, good taste, and generosity of spirit	1
definition of homebound is people who are confined to their homes	1
definition of libel is a false and malicious publication printed for the purpose of defaming a living person	1
definition of fireside is an area near a fireplace (usually paved and extending out into a room)	1
definition of fema is an independent agency of the United States government that provides a single point of accountability for all federal emergency preparedness and mitigation and response activities	1
definition of kentuckians is a native or resident of Kentucky	1
definition of suppose is express a supposition	1
definition of hub is the central part of a car wheel (or fan or propeller etc) through which the shaft or axle passes	1
definition of farmer is a person who operates a farm	1
definition of shouting is encouragement in the form of cheers from spectators	1
definition of discriminated is recognize or perceive the difference	1
definition of arb is someone who engages in arbitrage (who purchases securities in one market for immediate resale in another in the hope of profiting from the price differential)	1
definition of regulation is an authoritative rule	1
definition of vial is a small bottle that contains a drug (especially a sealed sterile container for injection by needle)	1
definition of massage is kneading and rubbing parts of the body to increase circulation and promote relaxation	1
definition of inquire is inquire about	1
definition of feat is a notable achievement	1
definition of guesswork is an estimate based on little or no information	1
definition of census is a periodic count of the population	1
definition of pneumococcal is of or derived from or caused by bacteria of the genus pneumococcus	1
definition of thyroid is located near the base of the neck	1
definition of titles is a heading that names a statute or legislative bill; may give a brief summary of the matters it deals with	1
definition of theoretical is concerned primarily with theories or hypotheses rather than practical considerations	1
definition of chest is the part of the human torso between the neck and the diaphragm or the corresponding part in other vertebrates	1
definition of install is set up for use	1
definition of forks is cutlery used for serving and eating food	1
definition of campus is a field on which the buildings of a university are situated	1
definition of numerous is amounting to a large indefinite number	1
definition of veterans is a serviceman who has seen considerable active service	1
definition of paranoia is a psychological disorder characterized by delusions of persecution or grandeur	1
definition of inhumanity is the quality of lacking compassion or consideration for others	1
definition of administrations is a method of tending to or managing the affairs of a some group of people (especially the group's business affairs)	1
definition of yearn is desire strongly or persistently	1
definition of explanation is a statement that makes something comprehensible by describing the relevant structure or operation or circumstances etc.	1
definition of tag is a label written or printed on paper, cardboard, or plastic that is attached to something to indicate its owner, nature, price, etc.	1
definition of jimmy is a short crowbar	1
definition of lass is a girl or young woman who is unmarried	1
definition of diverse is many and different	1
definition of heartened is give encouragement to	1
definition of founded is set up or found	1
definition of confiscated is take temporary possession of as a security, by legal authority	1
definition of mongers is someone who purchases and maintains an inventory of goods to be sold	1
definition of evolving is work out	1
definition of lists is a database containing an ordered array of items (names or topics)	1
definition of 110 is being ten more than one hundred	1
definition of finishing is a decorative texture or appearance of a surface (or the substance that gives it that appearance)	1
definition of verify is confirm the truth of	1
definition of grouped is arrange into a group or groups	1
definition of boy is a youthful male person	1
definition of expressing is give expression to	1
definition of crammed is crowd or pack to capacity	1
definition of rode is sit and travel on the back of animal, usually while controlling its motions	1
definition of commends is express approval of	1
definition of stream is a natural body of running water flowing on or under the earth	1
definition of austerity is the trait of great self-denial (especially refraining from worldly pleasures)	1
definition of untreated is not given medical care or treatment	1
definition of harem is living quarters reserved for wives and concubines and female relatives in a Muslim household	1
definition of gc is 1,000,000,000 periods per second	1
definition of sowed is place (seeds) in or on the ground for future growth	1
definition of mixes is a commercially prepared mixture of dry ingredients	1
definition of curbing is an edge between a sidewalk and a roadway consisting of a line of curbstones (usually forming part of a gutter)	1
definition of racially is with respect to race	1
definition of texans is a native or resident of Texas	1
definition of rotary is a road junction at which traffic streams circularly around a central island	1
definition of avenues is a line of approach	1
definition of whistling is the sound made by something moving rapidly or by steam coming out of a small aperture	1
definition of skyrocket is propels bright light high in the sky, or used to propel a lifesaving line or harpoon	1
definition of connector is an instrumentality that connects	1
definition of carbuncle is deep-red cabochon garnet cut without facets	1
definition of circular is an advertisement (usually printed on a page or in a leaflet) intended for wide distribution	1
definition of spiritualities is property or income owned by a church	1
definition of intensification is action that makes something stronger or more extreme	1
definition of trafficked is deal illegally	1
definition of reverse is a relation of direct opposition	1
definition of antigen is any substance (as a toxin or enzyme) that stimulates an immune response in the body (especially the production of antibodies)	1
definition of blinds is people who have severe visual impairments, considered as a group	1
definition of ungrateful is not feeling or showing gratitude; ; - Shakespeare	1
definition of summoned is call in an official matter, such as to attend court	1
definition of liter is a metric unit of capacity, formerly defined as the volume of one kilogram of pure water under standard conditions; now equal to 1,000 cubic centimeters (or approximately 1.75 pints)	1
definition of pillar is a fundamental principle or practice	1
definition of staunch is stop the flow of a liquid	1
definition of necessities is the condition of being essential or indispensable	1
definition of montgomery is Canadian novelist (1874-1942)	1
definition of objecting is express or raise an objection or protest or criticism or express dissent	1
definition of freed is grant freedom to; free from confinement	1
definition of refrigerated is preserve by chilling	1
definition of kentucky is a state in east central United States; a border state during the American Civil War; famous for breeding race horses	1
definition of oregon is a state in northwestern United States on the Pacific	1
definition of correction is the act of offering an improvement to replace a mistake; setting right	1
definition of bananas is any of several tropical and subtropical treelike herbs of the genus Musa having a terminal crown of large entire leaves and usually bearing hanging clusters of elongated fruits	1
definition of durham is a city of north central North Carolina; site of Duke University	1
definition of 1960s is the decade from 1960 to 1969	1
definition of unfilled is of purchase orders that have not been filled	1
definition of impacts is the striking of one body against another	1
definition of notified is inform (somebody) of something	1
definition of query is an instance of questioning	1
definition of drinkers is a person who drinks liquids	1
definition of occurring is come to pass	1
definition of rethinking is change one's mind	1
definition of socket is a bony hollow into which a structure fits	1
definition of walks is the act of traveling by foot	1
definition of mis is destruction of heart tissue resulting from obstruction of the blood supply to the heart muscle	1
definition of vat is a tax levied on the difference between a commodity's price before taxes and its cost of production	1
definition of drill is a tool with a sharp point and cutting edges for making holes in hard materials (usually rotating rapidly or by repeated blows)	1
definition of withdrawals is a retraction of a previously held position	1
definition of genuine is not fake or counterfeit	1
definition of monosaccharide is a sugar (like sucrose or fructose) that does not hydrolyse to give other sugars; the simplest group of carbohydrates	1
definition of rear is the back of a military formation or procession	1
definition of 7th is coming next after the sixth and just before the eighth in position	1
definition of hurdles is a footrace in which contestants must negotiate a series of hurdles	1
definition of zionist is a Jewish supporter of Zionism	1
definition of chalet is a Swiss house with a sloping roof and wide eaves or a house built in this style	1
definition of agents is an active and efficient cause; capable of producing a certain effect	1
definition of headed is to go or travel towards	1
definition of stood is be standing; be upright	1
definition of tulip is any of numerous perennial bulbous herbs having linear or broadly lanceolate leaves and usually a single showy flower	1
definition of soft is yielding readily to pressure or weight	1
definition of chipmunk is a burrowing ground squirrel of western America and Asia; has cheek pouches and a light and dark stripe running down the body	1
definition of bioterrorism is terrorism using the weapons of biological warfare	1
definition of assistants is a person who contributes to the fulfillment of a need or furtherance of an effort or purpose	1
definition of analgesic is a medicine used to relieve pain	1
definition of chemiluminescent is relating to the phenomenon of chemiluminescence	1
definition of transparently is so as to be easily understood or seen through	1
definition of igg is one of the five major classes of immunoglobulins; the main antibody defense against bacteria	1
definition of rainier is (of weather) wet by periods of rain	1
definition of poorly is somewhat ill or prone to illness	1
definition of mast is a vertical spar for supporting sails	1
definition of guilty is responsible for or chargeable with a reprehensible act	1
definition of mobilization is act of assembling and putting into readiness for war or other emergency:	1
definition of brazzaville is the capital and largest city of the Republic of the Congo	1
definition of invalidation is (law) a formal termination (of a relationship or a judicial proceeding etc)	1
definition of mondays is the second day of the week; the first working day	1
definition of jews is a person belonging to the worldwide group claiming descent from Jacob (or converted to it) and connected by cultural or religious ties	1
definition of advantages is the quality of having a superior or more favorable position	1
definition of features is a prominent attribute or aspect of something	1
definition of watermelon is an African melon	1
definition of cabaret is a spot that is open late at night and that provides entertainment (as singers or dancers) as well as dancing and food and drink	1
definition of cook is someone who cooks food	1
definition of calculation is the procedure of calculating; determining something by mathematical or logical methods	1
definition of nearing is move towards	1
definition of arteries is a blood vessel that carries blood from the heart to the body	1
definition of obeying is be obedient to	1
definition of misrepresents is represent falsely	1
definition of apprehension is fearful expectation or anticipation	1
definition of als is thickening of tissue in the motor tracts of the lateral columns and anterior horns of the spinal cord; results in progressive muscle atrophy that starts in the limbs	1
definition of civilization is a society in an advanced state of social development (e.g., with complex legal and political and religious organizations)	1
definition of secretariat is an administrative unit responsible for maintaining records and other secretarial duties; especially for international organizations	1
definition of madman is an insane person	1
definition of giza is an ancient Egyptian city on the west bank of the Nile opposite Cairo; site of three Great Pyramids and the Sphinx	1
definition of antiserums is blood serum containing antibodies against specific antigens; provides immunity to a disease	1
definition of danish is a Scandinavian language that is the official language of Denmark	1
definition of countrys is a politically organized body of people under a single government	1
definition of reactivate is activate (an old file) anew	1
definition of embraces is the act of clasping another person in the arms (as in greeting or affection)	1
definition of abide is dwell	1
definition of cd4 is a glycoprotein that is found primarily on the surface of helper T cells	1
definition of fha is the federal agency in the Department of Housing and Urban Development that insures residential mortgages	1
definition of theft is the act of taking something from someone unlawfully	1
definition of recognizes is accept (someone) to be what is claimed or accept his power and authority	1
definition of quiz is an examination consisting of a few short questions	1
definition of wider is having great (or a certain) extent from one side to the other	1
definition of loyal is steadfast in allegiance or duty	1
definition of hypochondria is chronic and abnormal anxiety about imaginary symptoms and ailments	1
definition of disfigure is mar or spoil the appearance of	1
definition of competed is compete for something; engage in a contest; measure oneself against others	1
definition of committees is a special group delegated to consider some matter;  - Milton Berle	1
definition of aches is a dull persistent (usually moderately intense) pain	1
definition of colleges is the body of faculty and students of a college	1
definition of replying is react verbally	1
definition of lithuania is a republic in northeastern Europe on the Baltic Sea	1
definition of montreal is a city in southern Quebec province on the Saint Lawrence River; the largest city in Quebec and 2nd largest in Canada; the 2nd largest French-speaking city in the world	1
definition of inclusive is including much or everything; and especially including stated limits	1
definition of bow is a knot with two loops and loose ends; used to tie shoelaces	1
definition of weekly is a periodical that is published every week (or 52 issues per year)	1
definition of employer is a person or firm that employs workers	1
definition of operating is direct or control; projects, businesses, etc.	1
definition of lecture is a speech that is open to the public	1
definition of borne is have	1
definition of pitched is throw or toss with a light motion	1
definition of milk is a white nutritious liquid secreted by mammals and used as food by human beings	1
definition of stimulated is act as a stimulant	1
definition of halted is cause to stop	1
definition of arrangement is the thing arranged or agreed to	1
definition of inclusion is the state of being included	1
definition of thrifty is careful and diligent in the use of resources	1
definition of dearest is a beloved person; used as terms of endearment	1
definition of empower is give or delegate power or authority to	1
definition of bean is any of various edible seeds of plants of the family Leguminosae used for food	1
definition of reliance is certainty based on past experience	1
definition of tying is the act of tying or binding things together	1
definition of seminar is any meeting for an exchange of ideas	1
definition of angle is the space between two lines or planes that intersect; the inclination of one line to another; measured in degrees or radians	1
definition of sedative is a drug that reduces excitability and calms a person	1
definition of slate is (formerly) a writing tablet made of slate	1
definition of teaches is an English pirate who operated in the Caribbean and off the Atlantic coast of North America (died in 1718)	1
definition of hump is something that bulges out or is protuberant or projects from its surroundings	1
definition of immigrant is a person who comes to a country where they were not born in order to settle there	1
definition of delivering is deliver (a speech, oration, or idea)	1
definition of ho is a trivalent metallic element of the rare earth group; occurs together with yttrium; forms highly magnetic compounds	1
definition of horseshoe is game equipment consisting of an open ring of iron used in playing horseshoes	1
definition of hispanic is an American whose first language is Spanish	1
definition of eradicated is kill in large numbers	1
definition of manitoba is one of the three prairie provinces in central Canada	1
definition of practicing is carry out or practice; as of jobs and professions	1
definition of smashing is the act of breaking something into small pieces	1
definition of crosscheck is an instance of confirming something by considering information from several sources	1
definition of promotion is a message issued in behalf of some product or cause or idea or person or institution	1
definition of tennessee is a state in east central United States	1
definition of procuring is get by special effort	1
definition of error is a wrong action attributable to bad judgment or ignorance or inattention	1
definition of enrolled is register formally as a participant or member	1
definition of interpretation is a mental representation of the meaning or significance of something	1
definition of obligated is force somebody to do something	1
definition of signaling is any nonverbal action or gesture that encodes a message	1
definition of empowerment is the act of conferring legality or sanction or formal warrant	1
definition of struggled is make a strenuous or labored effort	1
definition of redness is a response of body tissues to injury or irritation; characterized by pain and swelling and redness and heat	1
definition of comfort is a state of being relaxed and feeling no pain	1
definition of zombies is a dead body that has been brought back to life by a supernatural force	1
definition of painkillers is a medicine used to relieve pain	1
definition of stigma is the apical end of the style where deposited pollen enters the pistil	1
definition of oklahomans is a native or resident of Oklahoma	1
definition of loading is weight to be borne or conveyed	1
definition of establishment is the act of forming or establishing something	1
definition of speakers is someone who expresses in language; someone who talks (especially someone who delivers a public speech or someone especially garrulous)	1
definition of trickling is run or flow slowly, as in drops or in an unsteady stream	1
definition of ford is United States film maker (1896-1973)	1
definition of colombia is a republic in northwestern South America with a coastline on the Pacific Ocean and the Caribbean Sea; achieved independence from Spain in 1821 under the leadership of Simon Bolivar; Spanish is the official language	1
definition of diets is a prescribed selection of foods	1
definition of injustice is an unjust act	1
definition of trained is create by training and teaching	1
definition of authorize is grant authorization or clearance for	1
definition of illinois is a midwestern state in north-central United States	1
definition of advocate is a person who pleads for a cause or propounds an idea	1
definition of tradeoffs is an exchange that occurs as a compromise	1
definition of admiral is the supreme commander of a fleet; ranks above a vice admiral and below a fleet admiral	1
definition of distorted is make false by mutilation or addition; as of a message or story	1
definition of contributions is the part played by a person in bringing about a result	1
definition of girls is a young woman	1
definition of groundbreaking is the ceremonial breaking of the ground to formally begin a construction project	1
definition of transaction is the act of transacting within or between groups (as carrying on commercial activities)	1
definition of allowance is an amount allowed or granted (as during a given period)	1
definition of tremors is an involuntary vibration (as if from illness or fear)	1
definition of contrast is the opposition or dissimilarity of things that are compared; ,	1
definition of utah is a state in the western United States; settled in 1847 by Mormons led by Brigham Young	1
definition of prohibit is command against	1
definition of territorial is nonprofessional soldier member of a territorial military unit	1
definition of hampered is prevent the progress or free movement of	1
definition of cartoon is a humorous or satirical drawing published in a newspaper or magazine	1
definition of producers is someone who manufactures something	1
definition of thief is a criminal who takes property belonging to someone else with the intention of keeping it or selling it	1
definition of disproportionate is out of proportion	1
definition of disrupted is make a break in	1
definition of enroll is register formally as a participant or member	1
definition of supervises is watch and direct	1
definition of dominate is be larger in number, quantity, power, status or importance	1
definition of transmissible is (of disease) capable of being transmitted by infection	1
definition of signatures is your name written in your own handwriting	1
definition of immigrants is a person who comes to a country where they were not born in order to settle there	1
definition of ombudsman is a government appointee who investigates complaints by private persons against the government	1
definition of sec is 1/60 of a minute; the basic unit of time adopted under the Systeme International d'Unites	1
definition of chases is the act of pursuing in an effort to overtake or capture	1
definition of recoveries is return to an original state	1
definition of inquiries is a search for knowledge	1
definition of ancestors is someone from whom you are descended (but usually more remote than a grandparent)	1
definition of eighties is the decade from 1880 to 1889	1
definition of entebbe is a town in southern Uganda on Lake Victoria; site of an international airport (where in 1976 Israeli commandos rescued hostages held aboard a plane by Palestinian hijackers)	1
definition of remark is a statement that expresses a personal opinion or belief or adds information	1
definition of mowing is cut with a blade or mower	1
definition of assuring is make certain of	1
definition of scots is the dialect of English used in Scotland	1
definition of 5th is coming next after the fourth and just before the sixth in position	1
definition of bottlenecks is a narrowing that reduces the flow through a channel	1
definition of syringes is a primitive wind instrument consisting of several parallel pipes bound together	1
definition of flimsy is a thin strong lightweight translucent paper used especially for making carbon copies	1
definition of projected is communicate vividly	1
definition of multivalent is used of the association of three or more homologous chromosomes during the first division of meiosis	1
definition of initiating is bring into being	1
definition of graduated is receive an academic degree upon completion of one's studies	1
definition of inferior is one of lesser rank or station or quality	1
definition of branches is a division of some larger or more complex organization	1
definition of pick is the person or thing chosen or selected	1
definition of debunk is expose while ridiculing; especially of pretentious or false claims and ideas	1
definition of scouts is a person employed to keep watch for some anticipated event	1
definition of patiently is with patience; in a patient manner	1
definition of gary is a city in northwest Indiana on Lake Michigan; steel production	1
definition of londoners is a native or resident of London	1
definition of rectangle is a parallelogram with four right angles	1
definition of sixty is the cardinal number that is the product of ten and six	1
definition of twelve is the cardinal number that is the sum of eleven and one	1
definition of pump is a mechanical device that moves fluid or gas by pressure or suction	1
definition of competes is compete for something; engage in a contest; measure oneself against others	1
definition of macaques is short-tailed monkey of rocky regions of Asia and Africa	1
definition of spared is refrain from harming	1
definition of hospitalisation is placing in medical care in a hospital	1
definition of quotas is a prescribed number	1
definition of missteps is an unintentional but embarrassing blunder	1
definition of allocations is a share set aside for a specific purpose	1
definition of barrie is Scottish dramatist and novelist; created Peter Pan (1860-1937)	1
definition of wishing is a specific feeling of desire	1
definition of turnaround is time need to prepare a vessel or ship for a return trip	1
definition of fisheries is a workplace where fish are caught and processed and sold	1
definition of allergies is hypersensitivity reaction to a particular allergen; symptoms can vary greatly in intensity	1
definition of inciting is give an incentive for action	1
definition of paving is material used to pave an area	1
definition of disguise is an outward semblance that misrepresents the true nature of something	1
definition of bucharest is national capital and largest city of Romania in southeastern Romania	1
definition of provocateurs is a secret agent who incites suspected persons to commit illegal acts	1
definition of musician is someone who plays a musical instrument (as a profession)	1
definition of renewed is reestablish on a new, usually improved, basis or make new or like new	1
definition of needing is require as useful, just, or proper	1
definition of verses is literature in metrical form	1
definition of californias is a state in the western United States on the Pacific; the 3rd largest state; known for earthquakes	1
definition of corolla is (botany) the whorl of petals of a flower that collectively form an inner floral envelope or layer of the perianth	1
definition of featuring is have as a feature	1
definition of pertussis is a disease of the respiratory mucous membrane	1
definition of thrilled is cause to be thrilled by some perceptual input	1
definition of stoned is kill by throwing stones at	1
definition of unauthorized is not endowed with authority	1
definition of imprison is lock up or confine, in or as in a jail	1
definition of certificate is a document attesting to the truth of certain stated facts	1
definition of sadly is in an unfortunate way	1
definition of muscle is one of the contractile organs of the body	1
definition of distracted is draw someone's attention away from something	1
definition of imaginations is the formation of a mental image of something that is not perceived as real and is not present to the senses	1
definition of philadelphias is the largest city in Pennsylvania; located in the southeastern part of the state on the Delaware river; site of Independence Hall where the Declaration of Independence and the Constitution were signed; site of the University of Pennsylvania	1
definition of denounced is speak out against	1
definition of collaborate is work together on a common enterprise of project	1
definition of dunk is a basketball shot in which the basketball is propelled downward into the basket	1
definition of chalets is a Swiss house with a sloping roof and wide eaves or a house built in this style	1
definition of moreover is in addition	1
definition of salon is gallery where works of art can be displayed	1
definition of maghreb is the region of northwest Africa comprising the Atlas Mountains and the coastlands of Morocco and Algeria and Tunisia	1
definition of julian is Roman Emperor and nephew of Constantine; he restored paganism as the official religion of the Roman Empire and destroyed Christian temples but his decision was reversed after his death (331?-363)	1
definition of humane is pertaining to or concerned with the humanities	1
definition of expiry is a coming to an end of a contract period	1
definition of reacted is show a response or a reaction to something	1
definition of compatriots is a person from your own country	1
definition of niece is a daughter of your brother or sister	1
definition of crash is a loud resonant repeating noise	1
definition of disneys is United States film maker who pioneered animated cartoons and created such characters as Mickey Mouse and Donald Duck; founded Disneyland (1901-1966)	1
definition of cheapest is relatively low in price or charging low prices	1
definition of overdosed is dose too heavily	1
definition of polished is make (a surface) shine	1
definition of afterwards is happening at a time subsequent to a reference time	1
definition of malaysian is a native or inhabitant of Malaysia	1
definition of dependencies is the state of relying on or being controlled by someone or something else	1
definition of courtesy is a courteous or respectful or considerate act	1
definition of harmonization is a piece of harmonized music	1
definition of supporter is a person who backs a politician or a team etc.	1
definition of oxygen is a nonmetallic bivalent element that is normally a colorless odorless tasteless nonflammable diatomic gas; constitutes 21 percent of the atmosphere by volume; the most abundant element in the earth's crust	1
definition of diversifying is make (more) diverse	1
definition of commonly is under normal conditions	1
definition of protestant is an adherent of Protestantism	1
definition of moderated is preside over	1
definition of eus is a bivalent and trivalent metallic element of the rare earth group	1
definition of zeros is a quantity of no importance	1
definition of nude is a painting of a naked human figure	1
definition of multitude is a large indefinite number	1
definition of honoured is bestow honor or rewards upon	1
definition of specified is specify as a condition or requirement in a contract or agreement; make an express demand or provision in an agreement	1
definition of ties is neckwear consisting of a long narrow piece of material worn (mostly by men) under a collar and tied in knot at the front	1
definition of bacterial is relating to or caused by bacteria	1
definition of stimulus is any stimulating information or event; acts to arouse action	1
definition of ji is a clandestine group of southeast Asian terrorists organized in 1993 and trained by al-Qaeda; supports militant Muslims in Indonesia and the Philippines and has cells in Singapore and Malaysia and Indonesia	1
definition of populated is inhabit or live in; be an inhabitant of	1
definition of fruits is the ripened reproductive body of a seed plant	1
definition of staffs is personnel who assist their superior in carrying out an assigned task	1
definition of esteemed is regard highly; think much of	1
definition of enlightening is make understand	1
definition of bets is the money risked on a gamble	1
definition of excluding is prevent from being included or considered or accepted	1
definition of pds is a silver-white metallic element of the platinum group that resembles platinum; occurs in some copper and nickel ores; does not tarnish at ordinary temperatures and is used (alloyed with gold) in jewelry	1
definition of alphabet is a character set that includes letters and is used to write a language	1
definition of contraindication is (medicine) a reason that makes it inadvisable to prescribe a particular drug or employ a particular procedure or treatment	1
definition of banana is any of several tropical and subtropical treelike herbs of the genus Musa having a terminal crown of large entire leaves and usually bearing hanging clusters of elongated fruits	1
definition of confidently is with confidence; in a confident manner	1
definition of spacing is the time between occurrences of a repeating event	1
definition of driven is operate or control a vehicle	1
definition of debunks is expose while ridiculing; especially of pretentious or false claims and ideas	1
definition of underscores is a line drawn underneath (especially under written matter)	1
definition of inaugurating is commence officially	1
definition of searched is try to locate or discover, or try to establish the existence of	1
definition of bonnie is very pleasing to the eye	1
definition of raped is force (someone) to have sex against their will	1
definition of complexes is a conceptual whole made up of complicated and related parts	1
definition of receipt is the act of receiving	1
definition of greyhound is a tall slender dog of an ancient breed noted for swiftness and keen sight; used as a racing dog	1
definition of pricking is the act of puncturing with a small point	1
definition of allergic is characterized by or caused by allergy	1
definition of exempt is grant relief or an exemption from a rule or requirement to	1
definition of crying is the process of shedding tears (usually accompanied by sobs or other inarticulate sounds)	1
definition of commercialise is make commercial	1
definition of reply is a statement (either spoken or written) that is made to reply to a question or request or criticism or accusation	1
definition of psychologist is a scientist trained in psychology	1
definition of documents is writing that provides information (especially information of an official nature)	1
definition of contents is a list of divisions (chapters or articles) and the pages on which they start	1
definition of richer is possessing material wealth	1
definition of eases is freedom from difficulty or hardship or effort	1
definition of fargo is largest city in North Dakota; located in eastern North Dakota on the Red river	1
definition of dialect is the usage or vocabulary that is characteristic of a specific group of people	1
definition of exploring is inquire into	1
definition of safeguards is a precautionary measure warding off impending danger or damage or injury etc.	1
definition of mn is a hard brittle grey polyvalent metallic element that resembles iron but is not magnetic; used in making steel; occurs in many minerals	1
definition of deteriorated is become worse or disintegrate	1
definition of fond is having or displaying warmth or affection	1
definition of stables is a farm building for housing horses or other livestock	1
definition of stethoscope is a medical instrument for listening to the sounds generated inside the body	1
definition of pair is a set of two similar things considered as a unit	1
definition of centres is a low-lying region in central France	1
definition of deprives is take away possessions from someone	1
definition of bakery is a workplace where baked goods (breads and cakes and pastries) are produced or sold	1
definition of scramble is an unceremonious and disorganized struggle	1
definition of afar is (old-fashioned) at or from or to a great distance; far	1
definition of aide is an officer who acts as military assistant to a more senior officer	1
definition of entourage is the group following and attending to some important person	1
definition of praises is an expression of approval and commendation	1
definition of rewarding is bestow honor or rewards upon	1
definition of honey is a sweet yellow liquid produced by bees	1
definition of simpler is having few parts; not complex or complicated or involved	1
definition of headlines is the heading or caption of a newspaper article	1
definition of jerry is offensive term for a person of German descent	1
definition of presently is in the near future	1
definition of igm is one of the five major classes of immunoglobulins; involved in fighting blood infections and in triggering production of immunoglobulin G	1
definition of disruptions is an act of delaying or interrupting the continuity	1
definition of naples is a port and tourist center in southwestern Italy; capital of the Campania region	1
definition of zoom is a rapid rise	1
definition of courts is an assembly (including one or more judges) to conduct judicial business	1
definition of transplanted is lift and reset in another soil or situation	1
definition of abortion is termination of pregnancy	1
definition of tidy is receptacle that holds odds and ends (as sewing materials)	1
definition of paused is interrupt temporarily an activity before continuing	1
definition of aluminum is a silvery ductile metallic element found primarily in bauxite	1
definition of reversing is change to the contrary	1
definition of aarp is an association of people to promote the welfare of senior citizens	1
definition of polysaccharide is any of a class of carbohydrates whose molecules contain chains of monosaccharide molecules	1
definition of macaroni is a British dandy in the 18th century who affected Continental mannerisms	1
definition of enlargement is the act of increasing (something) in size or volume or quantity or scope	1
definition of buckthorn is a shrub or shrubby tree of the genus Rhamnus; fruits are source of yellow dyes or pigments	1
definition of contractors is someone (a person or firm) who contracts to build things	1
definition of wrongly is without justice or fairness; - Shakespeare	1
definition of ointment is semisolid preparation (usually containing a medicine) applied externally as a remedy or for soothing an irritation	1
definition of privileges is a special advantage or immunity or benefit not enjoyed by all	1
definition of reasoning is thinking that is coherent and logical	1
definition of persistent is never-ceasing	1
definition of hubs is the central part of a car wheel (or fan or propeller etc) through which the shaft or axle passes	1
definition of smears is slanderous defamation	1
definition of fluctuation is a wave motion	1
definition of grafted is cause to grow together parts from different plants	1
definition of defrauding is deprive of by deceit	1
definition of earthquakes is shaking and vibration at the surface of the earth resulting from underground movement along a fault plane of from volcanic activity	1
definition of ups is raise	1
definition of traitor is someone who betrays his country by committing treason	1
definition of preconditions is an assumption on which rests the validity or effect of something else	1
definition of petroleum is a dark oil consisting mainly of hydrocarbons	1
definition of nightclubs is a spot that is open late at night and that provides entertainment (as singers or dancers) as well as dancing and food and drink	1
definition of mao is an enzyme that catalyzes the oxidation of many body compounds (e.g., epinephrine and norepinephrine and serotonin)	1
definition of re is a rare heavy polyvalent metallic element that resembles manganese chemically and is used in some alloys; is obtained as a by-product in refining molybdenum	1
definition of negativity is the character of the negative electric pole	1
definition of raleigh is English courtier (a favorite of Elizabeth I) who tried to colonize Virginia; introduced potatoes and tobacco to England (1552-1618)	1
definition of scarves is a garment worn around the head or neck or shoulders for warmth or decoration	1
definition of induces is cause to arise	1
definition of tarmac is a paving material of tar and broken stone; mixed in a factory and shaped during paving	1
definition of tiffany is United States artist who developed Tiffany glass (1848-1933)	1
definition of newsstands is a stall where newspapers and other periodicals are sold	1
definition of ports is a place (seaport or airport) where people and merchandise can enter or leave a country	1
definition of awards is a grant made by a law court	1
definition of pendulum is an apparatus consisting of an object mounted so that it swings freely under the influence of gravity	1
definition of rationale is (law) an explanation of the fundamental reasons (especially an explanation of the working of some device in terms of laws of nature)	1
definition of indispensable is not to be dispensed with; essential	1
definition of reminiscent is serving to bring to mind; - Wilder Hobson	1
definition of averaged is amount to or come to an average, without loss or gain	1
definition of designated is assign a name or title to	1
definition of surrounded is extend on all sides of simultaneously; encircle	1
definition of exaggerate is to enlarge beyond bounds or the truth	1
definition of vulgar is lacking refinement or cultivation or taste	1
definition of panellists is a member of a panel	1
definition of commercialization is the act of commercializing something; involving something in commerce	1
definition of koreans is a native or inhabitant of Korea who speaks the Korean language	1
definition of modification is the act of making something different (as e.g. the size of a garment)	1
definition of impacting is press or wedge together; pack together	1
definition of servants is a person working in the service of another (especially in the household)	1
definition of surge is a sudden forceful flow	1
definition of terrific is very great or intense	1
definition of kindness is the quality of being warmhearted and considerate and humane and sympathetic	1
definition of outlook is a habitual or characteristic mental attitude that determines how you will interpret and respond to situations	1
definition of simeon is (Old Testament) the 2nd son of Jacob and one of the 12 patriarchs of Israel	1
definition of mumps is an acute contagious viral disease characterized by fever and by swelling of the parotid glands	1
definition of tulsa is a major city of northeastern Oklahoma on the Arkansas river; once known as the oil capital of the world and still heavily involved in the oil and gas industries	1
definition of baseness is unworthiness by virtue of lacking higher values	1
definition of versions is an interpretation of a matter from a particular viewpoint	1
definition of unturned is not turned	1
definition of drama is a dramatic work intended for performance by actors on a stage	1
definition of colorado is a state in west central United States in the Rocky Mountains	1
definition of artery is a blood vessel that carries blood from the heart to the body	1
definition of accompanied is be present or associated with an event or entity	1
definition of cheerful is being full of or promoting cheer; having or showing good spirits	1
definition of transplantation is an operation moving an organ from one organism (the donor) to another (the recipient)	1
definition of encouraged is contribute to the progress or growth of	1
definition of redistributed is distribute anew	1
definition of 1000s is the cardinal number that is the product of 10 and 100	1
definition of childhood is the time of person's life when they are a child	1
definition of lineup is (baseball) a list of batters in the order in which they will bat	1
definition of insights is clear or deep perception of a situation	1
definition of mistrust is doubt about someone's honesty	1
definition of isolating is place or set apart	1
definition of manama is the capital of Bahrain; located at the northern end of Bahrain Island	1
definition of costly is entailing great loss or sacrifice	1
definition of philosophize is reason philosophically	1
definition of lacks is the state of needing something that is absent or unavailable	1
definition of immortal is a person (such as an author) of enduring fame	1
definition of bureaucratic is of or relating to or resembling a bureaucrat or bureaucracy	1
definition of fitted is be agreeable or acceptable to	1
definition of inequalities is lack of equality	1
definition of suspicion is an impression that something might be the case	1
definition of berries is any of numerous small and pulpy edible fruits; used as desserts or in making jams and jellies and preserves	1
definition of transmissions is the act of sending a message; causing a message to be transmitted	1
definition of lenten is of or relating to or suitable for Lent	1
definition of retracting is formally reject or disavow a formerly held belief, usually under pressure	1
definition of guardians is a person who cares for persons or property	1
definition of fervent is characterized by intense emotion	1
definition of zip is a quantity of no importance	1
definition of failures is an act that fails	1
definition of considerations is the process of giving careful thought to something	1
definition of verified is confirm the truth of	1
definition of obstruction is any structure that makes progress difficult	1
definition of heals is heal or recover	1
definition of puppets is a small figure of a person operated from above with strings by a puppeteer	1
definition of disrupting is make a break in	1
definition of actor is a theatrical performer	1
definition of fairly is to a moderately sufficient extent or degree	1
definition of meatpacking is wholesale packaging of meat for future sale (including slaughtering and processing and distribution to retailers)	1
definition of tons is a large number or amount	1
definition of inaccessibility is the quality of not being available when needed	1
definition of clay is a very fine-grained soil that is plastic when moist but hard when fired	1
definition of commander is an officer in command of a military unit	1
definition of leftover is a small part or portion that remains after the main part no longer exists	1
definition of drafted is draw up an outline or sketch for something	1
definition of constitute is form or compose	1
definition of asthma is respiratory disorder characterized by wheezing; usually of allergic origin	1
definition of preposterous is incongruous;inviting ridicule	1
definition of occupational is of or relating to the activity or business for which you are trained	1
definition of emergent is occurring unexpectedly and requiring urgent action	1
definition of swamped is drench or submerge or be drenched or submerged	1
definition of overt is open and observable; not secret or hidden	1
definition of looting is plundering during riots or in wartime	1
definition of dispatching is send away towards a designated goal	1
definition of trick is a cunning or deceitful action or device	1
definition of martyrs is one who suffers for the sake of principle	1
definition of sailing is the work of a sailor	1
definition of fomenting is try to stir up public opinion	1
definition of wan is a computer network that spans a wider area than does a local area network	1
definition of outlet is a place of business for retailing goods	1
definition of informal is not formal	1
definition of inoculating is the act of protecting against disease by introducing a vaccine into the body to induce immunity	1
definition of northeastern is situated in or oriented toward the northeast	1
definition of partisan is a fervent and even militant proponent of something	1
definition of civilians is a nonmilitary citizen	1
definition of il is a midwestern state in north-central United States	1
definition of estonia is a republic in northeastern Europe on the Baltic Sea	1
definition of criticised is find fault with; express criticism of; point out real or perceived flaws	1
definition of evolution is a process in which something passes by degrees to a different stage (especially a more advanced or mature stage)	1
definition of mongolia is a landlocked socialist republic in central Asia	1
definition of exacerbates is make worse	1
definition of malaysia is a constitutional monarchy in southeastern Asia on Borneo and the Malay Peninsula; achieved independence from the United Kingdom in 1957	1
definition of forgiving is stop blaming or grant forgiveness	1
definition of euphemistic is substituting a mild term for a harsher or distasteful one	1
definition of slams is winning all or all but one of the tricks in bridge	1
definition of bmi is a measure of someone's weight in relation to height; to calculate one's BMI, multiply one's weight in pounds and divide that by the square of one's height in inches; overweight is a BMI greater than 25; obese is a BMI greater than 30	1
definition of oriental is a member of an Oriental race; the term is regarded as offensive by Asians (especially by Asian Americans)	1
definition of imitation is the doctrine that representations of nature or human behavior should be accurate imitations	1
definition of invalidate is declare invalid	1
definition of darwin is English natural scientist who formulated a theory of evolution by natural selection (1809-1882)	1
definition of firstly is before anything else	1
definition of plea is a humble request for help from someone in authority	1
definition of maximize is make as big or large as possible	1
definition of smuggles is import or export without paying customs duties	1
definition of doubtful is open to doubt or suspicion; ; ; ; - Karen Horney	1
definition of gynaecology is the branch of medicine that deals with the diseases and hygiene of women	1
definition of seventies is the decade from 1970 to 1979	1
definition of denial is the act of refusing to comply (as with a request)	1
definition of bitterly is with bitterness, in a resentful manner	1
definition of mutating is undergo mutation	1
definition of hesitated is pause or hold back in uncertainty or unwillingness	1
definition of remembers is recall knowledge from memory; have a recollection	1
definition of countless is too numerous to be counted	1
definition of refraining is resist doing something	1
definition of devastated is cause extensive destruction or ruin utterly	1
definition of punish is impose a penalty on; inflict punishment on	1
definition of sat is the seventh and last day of the week; observed as the Sabbath by Jews and some Christians	1
definition of delight is a feeling of extreme pleasure or satisfaction	1
definition of rushes is the act of moving hurriedly and in a careless manner	1
definition of joyful is full of or producing joy	1
definition of paves is a setting with precious stones so closely set that no metal shows	1
definition of heartfelt is earnest	1
definition of thirties is the time of life between 30 and 40	1
definition of vinegar is sour-tasting liquid produced usually by oxidation of the alcohol in wine or cider and used as a condiment or food preservative	1
definition of pillars is a fundamental principle or practice	1
definition of bodys is the entire structure of an organism (an animal, plant, or human being)	1
definition of incubators is apparatus consisting of a box designed to maintain a constant temperature by the use of a thermostat; used for chicks or premature infants	1
definition of nro is an intelligence agency in the United States Department of Defense that designs and builds and operates space reconnaissance systems to detect trouble spots worldwide and to monitor arms control agreements and environmental issues and to help plan military operations	1
definition of comebacks is a quick reply to a question or remark (especially a witty or critical one)	1
definition of thankful is feeling or showing gratitude	1
definition of handed is place into the hands or custody of	1
definition of reschedule is assign a new time and place for an event	1
definition of makers is a person who makes things	1
definition of stickers is a small sharp-pointed tip resembling a spike on a stem or leaf	1
definition of entrusted is confer a trust upon	1
definition of irregular is a member of an irregular armed force that fights a stronger force by sabotage and harassment	1
definition of infants is a very young child (birth to 1 year) who has not yet begun to walk or talk	1
definition of placing is put into a certain place or abstract location	1
definition of excel is distinguish oneself	1
definition of paramount is having superior power and influence	1
definition of intercepts is the point at which a line intersects a coordinate axis	1
definition of cherishes is be fond of; be attached to	1
definition of charged is to make a rush at or sudden attack upon, as in battle	1
definition of dialysis is separation of substances in solution by means of their unequal diffusion through semipermeable membranes	1
definition of travels is the act of going from one place to another	1
definition of booked is engage for a performance	1
definition of tight is closely constrained or constricted or constricting	1
definition of taped is fasten or attach with tape	1
definition of buried is cover from sight	1
definition of inexpensive is relatively low in price or charging low prices	1
definition of emirate is the domain controlled by an emir	1
definition of flock is a church congregation guided by a pastor	1
definition of statewide is occurring or extending throughout a state	1
definition of hindering is be a hindrance or obstacle to	1
definition of anticipating is regard something as probable or likely	1
definition of heightened is become more extreme	1
definition of performing is the performance of a part or role in a drama	1
definition of severity is used of the degree of something undesirable e.g. pain or weather	1
definition of tendinitis is inflammation of a tendon	1
definition of pursued is a person who is being chased	1
definition of polygamy is having more than one spouse at a time	1
definition of toxins is a poisonous substance produced during the metabolism and growth of certain microorganisms and some higher plant and animal species	1
definition of pretexts is something serving to conceal plans; a fictitious reason that is concocted in order to conceal the real reason	1
definition of relied is have confidence or faith in	1
definition of excellence is the quality of excelling; possessing good qualities in high degree	1
definition of slaughtered is kill (animals) usually for food consumption	1
definition of meal is the food served and eaten at one time	1
definition of deductions is a reduction in the gross amount on which a tax is calculated; reduces taxes by the percentage fixed for the taxpayer's income bracket	1
definition of distortions is a change for the worse	1
definition of blunder is an embarrassing mistake	1
definition of cylinder is a solid bounded by a cylindrical surface and two parallel planes (the bases)	1
definition of christianity is a monotheistic system of beliefs and practices based on the Old Testament and the teachings of Jesus as embodied in the New Testament and emphasizing the role of Jesus as savior	1
definition of historians is a person who is an authority on history and who studies it and writes about it	1
definition of heresy is any opinions or doctrines at variance with the official or orthodox position	1
definition of symposium is a meeting or conference for the public discussion of some topic especially one in which the participants form an audience and make presentations	1
definition of witnesses is someone who sees an event and reports what happened	1
definition of inequitable is not equitable or fair	1
definition of sensors is any device that receives a signal or stimulus (as heat or pressure or light or motion etc.) and responds to it in a distinctive manner	1
definition of handbook is a concise reference book providing specific information about a subject or location	1
definition of absent is go away or leave	1
definition of dive is a cheap disreputable nightclub or dance hall	1
definition of papa is an informal term for a father; probably derived from baby talk	1
definition of equality is the quality of being the same in quantity or measure or value or status	1
definition of sensitivity is (physiology) responsiveness to external stimuli; the faculty of sensation	1
definition of unwilling is not disposed or inclined toward	1
definition of regimens is (medicine) a systematic plan for therapy (often including diet)	1
definition of worsened is grow worse	1
definition of trouble is a source of difficulty	1
definition of confined is place limits on (extent or access)	1
definition of flagged is communicate or signal with a flag	1
definition of hostility is a hostile (very unfriendly) disposition	1
definition of liked is prefer or wish to do something	1
definition of ordering is logical or comprehensible arrangement of separate elements	1
definition of disclaims is renounce a legal claim or title to	1
definition of americas is North American republic containing 50 states - 48 conterminous states in North America plus Alaska in northwest North America and the Hawaiian Islands in the Pacific Ocean; achieved independence in 1776	1
definition of racial is of or related to genetically distinguished groups of people	1
definition of iga is one of the most common of the five major classes of immunoglobulins; the chief antibody in the membranes of the gastrointestinal and respiratory tracts	1
definition of thankfully is in a thankful manner; with thanks	1
definition of auxiliary is someone who acts as assistant	1
definition of feared is be afraid or feel anxious or apprehensive about a possible or probable situation or event	1
definition of stitch is a link or loop or knot made by an implement in knitting, crocheting, embroidery, or sewing	1
definition of mufti is a jurist who interprets Muslim religious law	1
definition of deeds is performance of moral or religious acts	1
definition of worn is be dressed in	1
definition of twill is a weave used to produce the effect of parallel diagonal ribs	1
definition of hypoglycemia is abnormally low blood sugar usually resulting from excessive insulin or a poor diet	1
definition of toured is make a tour of a certain place	1
definition of protestants is an adherent of Protestantism	1
definition of yang is the bright positive masculine principle in Chinese dualistic cosmology	1
definition of millionth is position 1,000,000 in a countable series of things	1
definition of emails is (computer science) a system of world-wide electronic communication in which a computer user can compose a message at one terminal that can be regenerated at the recipient's terminal when the recipient logs in	1
definition of taif is a city in western Saudi Arabia to the east of Mecca	1
definition of element is an abstract part of something	1
definition of cv is a summary of your academic and work history	1
definition of obstetrics is the branch of medicine dealing with childbirth and care of the mother	1
definition of elevator is lifting device consisting of a platform or cage that is raised and lowered mechanically in a vertical shaft in order to move people from one floor to another in a building	1
definition of illustrated is clarify by giving an example of	1
definition of lessen is decrease in size, extent, or range	1
definition of rubella is a contagious viral disease that is a milder form of measles lasting three or four days; can be damaging to a fetus during the first trimester	1
definition of caesarean is the delivery of a fetus by surgical incision through the abdominal wall and uterus (from the belief that Julius Caesar was born that way)	1
definition of insensitive is not responsive to physical stimuli	1
definition of speedily is with rapid movements	1
definition of anne is Queen of England and Scotland and Ireland; daughter if James II and the last of the Stuart monarchs; in 1707 she was the last English ruler to exercise the royal veto over parliament (1665-1714)	1
definition of reviewers is someone who reads manuscripts and judges their suitability for publication	1
definition of tearing is shedding tears	1
definition of alongside is side by side	1
definition of crowding is a situation in which people or things are crowded together	1
definition of consciences is motivation deriving logically from ethical or moral principles that govern a person's thoughts and actions	1
definition of ut is the local time at the 0 meridian passing through Greenwich, England; it is the same everywhere	1
definition of wheat is annual or biennial grass having erect flower spikes and light brown grains	1
definition of pulled is cause to move by pulling	1
definition of fortunate is having unexpected good fortune	1
definition of galore is in great numbers	1
definition of gs is a metric unit of weight equal to one thousandth of a kilogram	1
definition of immunosuppressive is a drug that lowers the body's normal immune response	1
definition of removing is remove something concrete, as by lifting, pushing, or taking off, or remove something abstract	1
definition of cattle is domesticated bovine animals as a group regardless of sex or age; ; ; - Bible	1
definition of smiles is a facial expression characterized by turning up the corners of the mouth; usually shows pleasure or amusement	1
definition of mitigated is lessen or to try to lessen the seriousness or extent of	1
definition of folklore is the unwritten lore (stories and proverbs and riddles and songs) of a culture	1
definition of pardon is the act of excusing a mistake or offense	1
definition of openings is an open or empty space in or between things	1
definition of refuted is overthrow by argument, evidence, or proof	1
definition of smoothness is a texture without roughness; smooth to the touch	1
definition of easiest is posing no difficulty; requiring little effort	1
definition of bowl is a round vessel that is open at the top; used chiefly for holding food or liquids	1
definition of luxor is a city in central Egypt on the east bank of the Nile that is a center for visitors to the ruins of and around Thebes	1
definition of renovation is the act of improving by renewing and restoring	1
definition of kidneys is either of two bean-shaped excretory organs that filter wastes (especially urea) from the blood and excrete them and water in urine	1
definition of compel is force somebody to do something	1
definition of mouths is the opening through which food is taken in and vocalizations emerge	1
definition of evolved is work out	1
definition of nepal is a small landlocked Asian country high in the Himalayas between India and China	1
definition of harming is cause or do harm to	1
definition of waiters is a person whose occupation is to serve at table (as in a restaurant)	1
definition of muscles is one of the contractile organs of the body	1
definition of outfit is any cohesive unit such as a military company	1
definition of nepotism is favoritism shown to relatives or close friends by those in power (as by giving them jobs)	1
definition of floods is the rising of a body of water and its overflowing onto normally dry land	1
definition of tetanus is an acute and serious infection of the central nervous system caused by bacterial infection of open wounds; spasms of the jaw and laryngeal muscles may occur during the late stages	1
definition of nausea is the state that precedes vomiting	1
definition of segment is one of several parts or pieces that fit with others to constitute a whole object	1
definition of possibilities is a future prospect or potential	1
definition of examiner is someone who administers a test to determine your qualifications	1
definition of oklahoma is a state in south central United States	1
definition of nullify is declare invalid	1
definition of comeback is a quick reply to a question or remark (especially a witty or critical one)	1
definition of collector is a person who collects things	1
definition of regimen is (medicine) a systematic plan for therapy (often including diet)	1
definition of dispute is a disagreement or argument about something important	1
definition of cm is a metric unit of length equal to one hundredth of a meter	1
definition of cardiac is of or relating to the heart	1
definition of exclude is prevent from being included or considered or accepted	1
definition of needle is the leaf of a conifer	1
definition of bead is a small ball with a hole through the middle	1
definition of poisonous is having the qualities or effects of a poison	1
definition of accra is the capital and largest city of Ghana with a deep-water port	1
definition of uncoordinated is lacking in cooperative planning and organization	1
definition of collaborators is someone who assists in a plot	1
definition of synchronizing is the relation that exists when things occur at the same time	1
definition of punctuality is the quality or habit of adhering to an appointed time	1
definition of monarch is a nation's ruler or head of state usually by hereditary right	1
definition of clearing is a tract of land with few or no trees in the middle of a wooded area	1
definition of endoscopy is visual examination of the interior of a hollow body organ by use of an endoscope	1
definition of physicians is a licensed medical practitioner	1
definition of sorting is an operation that segregates items into groups according to a specified criterion	1
definition of readers is a person who enjoys reading	1
definition of antihistamine is a medicine used to treat allergies and hypersensitive reactions and colds; works by counteracting the effects of histamine on a receptor site	1
definition of marginalized is relegate to a lower or outer edge, as of specific groups of people	1
definition of jay is United States diplomat and jurist who negotiated peace treaties with Britain and served as the first chief justice of the United States Supreme Court (1745-1829)	1
definition of films is a form of entertainment that enacts a story by sound and a sequence of images giving the illusion of continuous movement	1
definition of luke is (New Testament) the Apostle closely associated with St. Paul and traditionally assumed to be the author of the third Gospel	1
definition of elaborate is add details, as to an account or idea; clarify the meaning of and discourse in a learned way, usually in writing	1
definition of 50th is the ordinal number of fifty in counting order	1
definition of bidens is bur marigolds	1
definition of tattoo is a drumbeat or bugle call that signals the military to return to their quarters	1
definition of congo is a republic in central Africa; achieved independence from Belgium in 1960	1
definition of rwandas is a landlocked republic in central Africa; formerly a German colony	1
definition of benefited is derive a benefit from	1
definition of chosen is one who is the object of choice; who is given preference	1
definition of searching is try to locate or discover, or try to establish the existence of	1
definition of seizes is take hold of; grab	1
definition of motherfucker is insulting terms of address for people who are stupid or irritating or ridiculous	1
definition of compresses is a cloth pad or dressing (with or without medication) applied firmly to some part of the body (to relieve discomfort or reduce fever)	1
definition of rickety is inclined to shake as from weakness or defect	1
definition of proposition is (logic) a statement that affirms or denies something and is either true or false	1
definition of hindustan is northern region of India where Hinduism predominates	1
definition of retract is formally reject or disavow a formerly held belief, usually under pressure	1
definition of attract is direct toward itself or oneself by means of some psychological power or physical attributes	1
definition of unbearable is incapable of being put up with	1
definition of refresh is refresh one's memory	1
definition of overtime is work done in addition to regular working hours	1
definition of fore is front part of a vessel or aircraft	1
definition of represent is take the place of or be parallel or equivalent to	1
definition of muscat is any of several cultivated grapevines that produce sweet white grapes	1
definition of perseverance is persistent determination	1
definition of organisation is the persons (or committees or departments etc.) who make up a body for the purpose of administering something	1
definition of honour is the state of being honored	1
definition of malls is a public area set aside as a pedestrian walk	1
definition of dod is the federal department responsible for safeguarding national security of the United States; created in 1947	1
definition of excitement is the feeling of lively and cheerful joy	1
definition of observatory is a building designed and equipped to observe astronomical phenomena	1
definition of surgeries is the branch of medical science that treats disease or injury by operative procedures	1
definition of adh is hormone secreted by the posterior pituitary gland (trade name Pitressin) and also by nerve endings in the hypothalamus; affects blood pressure by stimulating capillary muscles and reduces urine flow by affecting reabsorption of water by kidney tubules	1
definition of inoculation is taking a vaccine as a precaution against contracting a disease	1
definition of extrapolated is draw from specific cases for more general cases	1
definition of vox is the sound made by the vibration of vocal folds modified by the resonance of the vocal tract	1
definition of afflicts is cause great unhappiness for; distress	1
definition of intimidation is the act of intimidating a weaker person to make them do something	1
definition of perished is pass from physical life and lose all bodily attributes and functions necessary to sustain life	1
definition of vermonters is a native or resident of Vermont	1
definition of servicemen is someone who serves in the armed forces; a member of a military force	1
definition of mothering is care for like a mother	1
definition of sheikhs is the leader of an Arab village or family	1
definition of pretending is the act of giving a false appearance	1
definition of darkened is become dark or darker	1
definition of colombo is the capital and largest city of Sri Lanka; has one of the largest harbors in the world; is located on the western coast of the island of Ceylon	1
definition of issuance is the act of providing an item for general use or for official purposes (usually in quantity)	1
definition of clot is a lump of material formed from the content of a liquid	1
definition of inspects is look over carefully	1
definition of williams is United States country singer and songwriter (1923-1953)	1
definition of sapphire is a precious transparent stone of rich blue corundum valued as a gemstone	1
definition of headline is the heading or caption of a newspaper article	1
definition of farce is a comedy characterized by broad satire and improbable situations	1
definition of barometer is an instrument that measures atmospheric pressure	1
definition of erected is construct, build, or erect	1
definition of nuns is a woman religious	1
definition of optimize is make optimal; get the most out of; use best	1
definition of ultimately is as the end result of a succession or process	1
definition of miracles is any amazing or wonderful occurrence	1
definition of bader is having undesirable or negative qualities	1
definition of aging is acquiring desirable qualities by being left undisturbed for some time	1
definition of deanship is the position or office of a dean	1
definition of admissions is the act of admitting someone to enter	1
definition of dove is any of numerous small pigeons	1
definition of sudanese is a native or inhabitant of Sudan	1
definition of exploitation is the act of making some area of land or water more profitable or productive or useful	1
definition of organizers is a person who brings order and organization to an enterprise	1
definition of installing is the act of installing something (as equipment)	1
definition of meningitis is infectious disease characterized by inflammation of the meninges (the tissues that surround the brain or spinal cord) usually caused by a bacterial infection; symptoms include headache and stiff neck and fever and nausea	1
definition of dallas is a large commercial and industrial city in northeastern Texas located in the heart of the northern Texas oil fields	1
definition of triple is a base hit at which the batter stops safely at third base	1
definition of monthlong is last through a month	1
definition of unsure is lacking self-confidence	1
definition of rev is rate of revolution of a motor	1
definition of prion is (microbiology) an infectious protein particle similar to a virus but lacking nucleic acid; thought to be the agent responsible for scrapie and other degenerative diseases of the nervous system	1
definition of sideburns is facial hair that has grown down the side of a man's face in front of the ears (especially when the rest of the beard is shaved off)	1
definition of steam is water at boiling temperature diffused in the atmosphere	1
definition of rescuing is free from harm or evil	1
definition of grafting is the act of grafting something onto something else	1
definition of inuit is a member of a people inhabiting the Arctic (northern Canada or Greenland or Alaska or eastern Siberia); the Algonquians called them Eskimo (`eaters of raw flesh') but they call themselves the Inuit (`the people')	1
definition of photographer is someone who takes photographs professionally	1
definition of cherish is be fond of; be attached to	1
definition of guards is a person who keeps watch over something or someone	1
definition of delegates is a person appointed or elected to represent others	1
definition of wished is hope for; have a wish	1
definition of refrigerators is white goods in which food can be stored at low temperatures	1
definition of multilingual is using or knowing more than one language	1
definition of doom is an unpleasant or disastrous destiny	1
definition of sinned is commit a sin; violate a law of God or a moral law	1
definition of foremost is ranking above all others	1
definition of filtering is remove by passing through a filter	1
definition of hardship is a state of misfortune or affliction	1
definition of donuts is a small ring-shaped friedcake	1
definition of exposes is the exposure of an impostor or a fraud	1
definition of pea is seed of a pea plant used for food	1
definition of terrorizing is coerce by violence or with threats	1
definition of intoxicate is fill with high spirits; fill with optimism	1
definition of tomorrows is the day after today	1
definition of parliamentary is relating to or having the nature of a parliament	1
definition of dhahran is an oil town in eastern Saudi Arabia on an inlet from the Persian Gulf; in June 1996 terrorists bombed an apartment complex in Dhahran killing 19 United States soldiers and wounding more than 300 people	1
